id,view,author,forward,mention,datetime,unixtime,is_forward
3,1716,,6,0,"['2017', '12', '06', '12', '51', '09']",1512552069,0
4,1880,,0,0,"['2017', '12', '06', '12', '53', '03']",1512552183,0
5,1836,,0,0,"['2017', '12', '06', '12', '55', '01']",1512552301,0
7,2041,,0,0,"['2017', '12', '06', '16', '56', '32']",1512566792,0
8,7697,,39,0,"['2017', '12', '06', '16', '56', '59']",1512566819,0
10,2808,,5,0,"['2017', '12', '07', '17', '01', '42']",1512653502,0
17,1978,,8,0,"['2017', '12', '19', '22', '26', '11']",1513709771,0
18,2359,,0,0,"['2017', '12', '27', '23', '05', '34']",1514403334,0
19,1933,,0,0,"['2017', '12', '28', '10', '14', '53']",1514443493,0
22,2281,,0,0,"['2018', '01', '01', '12', '02', '13']",1514795533,0
24,2855,,4,0,"['2018', '01', '02', '22', '46', '34']",1514920594,0
26,20858,,1,0,"['2018', '01', '03', '23', '11', '07']",1515008467,0
29,12138,,4,0,"['2018', '01', '06', '13', '57', '52']",1515234472,0
30,3553,,0,0,"['2018', '01', '06', '14', '37', '00']",1515236820,0
31,2891,,2,0,"['2018', '01', '10', '15', '48', '17']",1515586697,0
32,3321,,1,0,"['2018', '01', '21', '22', '42', '15']",1516561935,0
33,3757,,2,0,"['2018', '01', '23', '22', '37', '42']",1516734462,0
41,200,,0,0,"['2018', '03', '31', '13', '34', '05']",1522487045,1
43,12060,,7,0,"['2018', '04', '02', '10', '55', '35']",1522650335,0
47,12420,,4,0,"['2018', '04', '03', '10', '25', '05']",1522734905,0
48,11279,,3,0,"['2018', '04', '03', '10', '26', '35']",1522734995,0
49,100023,,11,0,"['2018', '04', '03', '14', '07', '17']",1522748237,0
50,11294,,1,0,"['2018', '04', '03', '21', '40', '43']",1522775443,0
53,20666,,0,0,"['2018', '04', '04', '17', '44', '58']",1522847698,0
54,7626,,0,0,"['2018', '04', '04', '17', '58', '40']",1522848520,0
57,4091,,0,0,"['2018', '04', '06', '01', '32', '47']",1522962167,0
58,5058,,0,0,"['2018', '04', '06', '01', '41', '01']",1522962661,0
60,5224,,0,0,"['2018', '04', '08', '00', '28', '03']",1523131083,0
61,22485,,4,0,"['2018', '04', '09', '02', '06', '12']",1523223372,0
64,4133,,0,0,"['2018', '04', '09', '17', '55', '03']",1523280303,0
65,4545,,0,0,"['2018', '04', '09', '18', '11', '49']",1523281309,0
68,34519,,5,0,"['2018', '04', '10', '23', '21', '12']",1523386272,0
70,25929,,3,0,"['2018', '04', '18', '00', '17', '44']",1523994464,0
71,50456,,4,0,"['2018', '04', '18', '00', '38', '37']",1523995717,0
72,6401,,1,0,"['2018', '04', '27', '00', '03', '30']",1524771210,0
73,20168,,0,0,"['2018', '04', '30', '19', '17', '56']",1525099676,0
74,184,,0,0,"['2018', '04', '30', '19', '44', '06']",1525101246,1
76,158,,1,0,"['2018', '04', '30', '23', '06', '04']",1525113364,1
77,5271,,0,0,"['2018', '04', '30', '23', '16', '43']",1525114003,0
78,208,,0,0,"['2018', '04', '30', '23', '31', '33']",1525114893,1
79,4019,,0,0,"['2018', '04', '30', '23', '32', '10']",1525114930,0
80,4032,,1,0,"['2018', '05', '01', '06', '34', '13']",1525140253,0
82,4703,,3,0,"['2018', '05', '01', '07', '12', '17']",1525142537,0
83,4667,,0,0,"['2018', '05', '01', '15', '38', '25']",1525172905,0
84,5354,,0,0,"['2018', '05', '01', '16', '32', '19']",1525176139,0
85,19458,,2,0,"['2018', '05', '03', '14', '52', '44']",1525342964,0
87,8547,,0,0,"['2018', '05', '04', '09', '56', '12']",1525411572,0
88,6366,,1,0,"['2018', '05', '15', '19', '18', '28']",1526395708,0
89,9490,,5,0,"['2018', '05', '27', '13', '24', '18']",1527411258,0
91,19221,,11,0,"['2018', '05', '28', '14', '14', '26']",1527500666,0
92,6745,,3,0,"['2018', '05', '31', '11', '00', '26']",1527748226,0
93,5559,,3,0,"['2018', '05', '31', '14', '50', '19']",1527762019,0
94,5801,,2,0,"['2018', '05', '31', '16', '45', '18']",1527768918,0
96,10528,,1,0,"['2018', '06', '02', '01', '13', '28']",1527885808,0
97,8450,,11,0,"['2018', '06', '04', '00', '41', '51']",1528056711,0
98,4942,,0,0,"['2018', '06', '04', '15', '57', '51']",1528111671,0
99,9454,,5,0,"['2018', '06', '09', '18', '58', '18']",1528554498,0
100,13867,,12,0,"['2018', '06', '09', '21', '17', '10']",1528562830,0
101,9222,,2,0,"['2018', '06', '15', '13', '20', '29']",1529052629,0
103,18246,,17,0,"['2018', '06', '28', '19', '27', '20']",1530197840,0
104,6677,,3,0,"['2018', '07', '14', '20', '27', '35']",1531583855,0
105,6655,,3,0,"['2018', '07', '14', '20', '27', '35']",1531583855,0
108,5961,,1,0,"['2018', '08', '15', '20', '05', '13']",1534347313,0
109,6177,,5,0,"['2018', '08', '27', '15', '02', '43']",1535365963,0
110,3616,,10,0,"['2018', '10', '16', '21', '04', '51']",1539711291,0
111,8603,,41,0,"['2018', '10', '16', '21', '05', '17']",1539711317,0
112,21326,,46,0,"['2018', '10', '17', '12', '08', '15']",1539765495,0
113,144162,,424,0,"['2018', '10', '22', '10', '17', '08']",1540190828,0
114,6545,,30,0,"['2018', '10', '23', '13', '17', '09']",1540288029,0
115,9703,,162,0,"['2018', '11', '18', '10', '38', '14']",1542524894,0
116,6252,,145,0,"['2018', '11', '18', '22', '45', '49']",1542568549,0
117,5306,,23,0,"['2018', '11', '27', '23', '48', '46']",1543349926,0
118,9743,,94,0,"['2018', '11', '28', '00', '16', '03']",1543351563,0
121,22031,,197,0,"['2018', '12', '21', '14', '25', '05']",1545389705,0
123,199710,,3886,0,"['2019', '01', '04', '16', '00', '35']",1546605035,0
124,6578,,97,0,"['2019', '01', '30', '12', '11', '02']",1548837662,0
125,5026,,64,0,"['2019', '02', '09', '18', '59', '39']",1549726179,0
126,8737,,127,0,"['2019', '02', '28', '14', '38', '38']",1551352118,0
127,4358,,139,0,"['2019', '03', '03', '14', '28', '06']",1551610686,0
128,4739,,136,0,"['2019', '03', '03', '14', '29', '38']",1551610778,0
129,5092,,136,0,"['2019', '03', '03', '14', '29', '40']",1551610780,0
130,6548,,106,0,"['2019', '03', '05', '19', '38', '11']",1551802091,0
131,6085,,185,0,"['2019', '03', '12', '17', '50', '40']",1552400440,0
132,5802,,125,0,"['2019', '03', '20', '11', '33', '41']",1553069021,0
133,401,,0,0,"['2019', '03', '20', '12', '23', '58']",1553072038,1
134,3978,,21,0,"['2019', '03', '20', '12', '26', '45']",1553072205,0
135,3879,,10,0,"['2019', '03', '21', '12', '51', '42']",1553160102,0
136,5497,,83,0,"['2019', '03', '21', '23', '22', '06']",1553197926,0
137,4957,,79,0,"['2019', '03', '25', '14', '32', '11']",1553508131,0
138,7483,,163,0,"['2019', '03', '30', '16', '26', '13']",1553946973,0
141,4649,,28,0,"['2019', '04', '02', '15', '05', '13']",1554201313,0
142,3893,,47,0,"['2019', '04', '03', '14', '27', '35']",1554285455,0
143,6536,,326,0,"['2019', '04', '11', '12', '35', '43']",1554969943,0
144,7334,,328,0,"['2019', '04', '11', '12', '35', '57']",1554969957,0
145,3736,,30,0,"['2019', '04', '11', '18', '46', '39']",1554992199,0
146,5153,,82,0,"['2019', '04', '18', '17', '13', '02']",1555591382,0
147,4453,,18,0,"['2019', '04', '18', '17', '19', '52']",1555591792,0
148,15943,,211,0,"['2019', '04', '22', '13', '23', '01']",1555923181,0
149,117016,,1748,0,"['2019', '04', '24', '13', '16', '19']",1556095579,0
150,4475,,67,0,"['2019', '04', '24', '22', '51', '09']",1556130069,0
151,4333,,58,0,"['2019', '04', '24', '23', '31', '12']",1556132472,0
152,6911,,157,0,"['2019', '04', '25', '15', '41', '33']",1556190693,0
154,3926,,35,0,"['2019', '04', '26', '20', '09', '25']",1556293165,0
156,4380,,100,0,"['2019', '04', '28', '12', '14', '28']",1556437468,0
157,3393,,10,0,"['2019', '04', '28', '13', '35', '38']",1556442338,0
158,3826,,11,0,"['2019', '04', '28', '15', '17', '15']",1556448435,0
159,6247,,37,0,"['2019', '05', '03', '15', '06', '11']",1556879771,0
161,6289,,88,0,"['2019', '05', '09', '21', '57', '14']",1557422834,0
162,12310,,495,0,"['2019', '05', '11', '10', '24', '38']",1557554078,0
163,6722,,228,0,"['2019', '05', '14', '23', '34', '38']",1557860678,0
164,8669,,344,0,"['2019', '05', '14', '23', '36', '29']",1557860789,0
165,3333,,14,0,"['2019', '05', '20', '23', '00', '46']",1558377046,0
166,503,,3,0,"['2019', '05', '20', '23', '01', '28']",1558377088,1
167,530,,0,0,"['2019', '05', '20', '23', '01', '37']",1558377097,1
168,91335,,394,0,"['2019', '05', '26', '15', '44', '46']",1558869286,0
169,6755,,231,0,"['2019', '05', '27', '08', '43', '27']",1558930407,0
170,20468,,106,0,"['2019', '05', '29', '21', '37', '57']",1559149677,0
172,10277,,155,0,"['2019', '06', '04', '16', '18', '31']",1559648911,0
174,10339,,238,0,"['2019', '06', '18', '20', '48', '49']",1560874729,0
175,5612,,114,0,"['2019', '06', '23', '14', '11', '51']",1561282911,0
176,22806,,561,0,"['2019', '06', '23', '14', '46', '00']",1561284960,0
178,5266,,90,0,"['2019', '06', '27', '23', '11', '20']",1561660880,0
181,5975,,84,0,"['2019', '07', '05', '16', '39', '52']",1562328592,0
182,12753,,31,0,"['2019', '07', '06', '16', '36', '35']",1562414795,0
183,22335,,131,0,"['2019', '07', '24', '16', '15', '32']",1563968732,0
184,20636,,263,0,"['2019', '07', '26', '15', '15', '36']",1564137936,0
185,13063,,49,0,"['2019', '07', '28', '12', '07', '38']",1564299458,0
186,15738,,164,0,"['2019', '08', '26', '19', '42', '01']",1566832321,0
188,13345,,130,0,"['2019', '09', '25', '12', '11', '33']",1569400893,0
189,12914,,61,0,"['2019', '10', '01', '12', '49', '52']",1569921592,0
190,11806,,47,0,"['2019', '10', '01', '12', '50', '58']",1569921658,0
191,12072,,45,0,"['2019', '10', '01', '12', '51', '40']",1569921700,0
193,11639,,65,0,"['2019', '10', '02', '20', '08', '51']",1570034331,0
194,14224,,73,0,"['2019', '10', '03', '20', '00', '48']",1570120248,0
195,12086,,41,0,"['2019', '10', '10', '09', '56', '59']",1570688819,0
199,11433,,48,0,"['2019', '10', '12', '11', '51', '47']",1570868507,0
200,8441,,8,0,"['2019', '10', '12', '11', '52', '06']",1570868526,1
202,8294,,1,0,"['2019', '10', '15', '17', '36', '49']",1571148409,1
203,13118,,31,0,"['2019', '10', '15', '17', '37', '48']",1571148468,0
204,14712,,110,0,"['2019', '10', '18', '23', '57', '25']",1571430445,0
205,19593,,244,0,"['2019', '11', '03', '19', '26', '26']",1572796586,0
206,14345,,60,0,"['2019', '11', '05', '14', '45', '33']",1572952533,0
209,12917,,73,0,"['2019', '11', '25', '23', '18', '13']",1574711293,0
210,14645,,45,0,"['2019', '11', '25', '23', '21', '36']",1574711496,0
211,14555,,71,0,"['2019', '11', '28', '17', '46', '09']",1574950569,0
213,13246,,34,0,"['2020', '01', '11', '14', '41', '45']",1578741105,0
214,12664,,65,0,"['2020', '01', '23', '19', '30', '43']",1579795243,0
215,13365,,25,0,"['2020', '01', '23', '23', '47', '49']",1579810669,0
216,20366,,68,0,"['2020', '02', '24', '12', '23', '19']",1582534399,0
217,19041,,325,0,"['2020', '02', '26', '21', '51', '35']",1582741295,0
218,16986,,50,0,"['2020', '03', '05', '23', '47', '02']",1583439422,0
220,12634,,41,0,"['2020', '03', '26', '18', '23', '07']",1585230787,0
221,14438,,347,0,"['2020', '03', '30', '20', '17', '29']",1585583249,0
222,13836,,281,0,"['2020', '03', '30', '20', '18', '50']",1585583330,0
223,18440,,246,0,"['2020', '03', '31', '15', '13', '23']",1585651403,0
225,21938,,293,0,"['2020', '03', '31', '16', '01', '28']",1585654288,0
226,14688,,93,0,"['2020', '04', '02', '21', '07', '08']",1585845428,0
227,15081,,66,0,"['2020', '04', '08', '19', '21', '17']",1586357477,0
228,12044,,23,0,"['2020', '04', '08', '21', '24', '20']",1586364860,0
229,12004,,23,0,"['2020', '04', '08', '21', '24', '20']",1586364860,0
233,13543,,154,0,"['2020', '04', '10', '15', '37', '21']",1586516841,0
234,22328,,301,0,"['2020', '04', '10', '15', '39', '06']",1586516946,0
235,13354,,24,0,"['2020', '04', '11', '01', '37', '00']",1586552820,0
239,13324,,70,0,"['2020', '05', '02', '18', '19', '59']",1588427399,0
240,13849,,69,0,"['2020', '05', '02', '18', '19', '59']",1588427399,0
241,13052,,19,0,"['2020', '05', '10', '14', '37', '50']",1589105270,0
242,14120,,50,0,"['2020', '06', '03', '17', '45', '21']",1591190121,0
243,14359,,51,0,"['2020', '06', '03', '17', '45', '21']",1591190121,0
244,15246,,52,0,"['2020', '06', '03', '18', '19', '35']",1591192175,0
245,16709,,145,0,"['2020', '11', '04', '21', '07', '21']",1604511441,0
246,13386,,31,0,"['2020', '11', '05', '12', '23', '26']",1604566406,0
247,13044,,48,0,"['2020', '12', '01', '11', '42', '52']",1606810372,0
249,14909,,74,0,"['2020', '12', '07', '23', '27', '06']",1607371026,0
250,12655,,25,0,"['2020', '12', '12', '20', '32', '39']",1607792559,0
251,13493,,79,0,"['2020', '12', '13', '18', '29', '33']",1607871573,0
252,13067,,34,0,"['2020', '12', '13', '20', '50', '40']",1607880040,0
253,14235,,54,0,"['2020', '12', '23', '19', '35', '12']",1608739512,0
254,13200,Milad Nouri （ツ）,9,0,"['2020', '12', '26', '22', '03', '29']",1609007609,0
255,14275,Milad Nouri （ツ）,33,0,"['2020', '12', '28', '11', '06', '42']",1609141002,0
256,13872,Milad Nouri （ツ）,60,0,"['2021', '01', '08', '13', '16', '31']",1610099191,0
257,13056,Milad Nouri （ツ）,16,0,"['2021', '01', '09', '11', '56', '11']",1610180771,0
258,15313,Milad Nouri （ツ）,145,0,"['2021', '01', '09', '12', '38', '37']",1610183317,0
259,12851,Milad Nouri （ツ）,23,0,"['2021', '01', '15', '23', '11', '27']",1610739687,0
260,13107,Milad Nouri （ツ）,41,0,"['2021', '01', '16', '15', '28', '26']",1610798306,0
261,13283,Milad Nouri （ツ）,40,0,"['2021', '01', '16', '15', '28', '26']",1610798306,0
262,13319,Milad Nouri （ツ）,40,0,"['2021', '01', '16', '15', '28', '26']",1610798306,0
264,13276,Milad Nouri （ツ）,40,0,"['2021', '01', '16', '15', '30', '59']",1610798459,0
265,13323,Milad Nouri （ツ）,39,0,"['2021', '01', '16', '15', '30', '59']",1610798459,0
266,13182,Milad Nouri （ツ）,9,0,"['2021', '01', '16', '15', '45', '16']",1610799316,0
268,14404,Milad Nouri （ツ）,20,0,"['2021', '01', '16', '15', '50', '54']",1610799654,1
269,14574,Milad Nouri （ツ）,2,0,"['2021', '01', '16', '15', '51', '08']",1610799668,0
270,15550,Milad Nouri （ツ）,43,0,"['2021', '01', '16', '18', '09', '27']",1610807967,0
271,15765,Milad Nouri （ツ）,39,0,"['2021', '01', '18', '20', '42', '19']",1610989939,0
272,15347,Milad Nouri （ツ）,5,0,"['2021', '01', '19', '10', '53', '02']",1611040982,0
273,18793,Milad Nouri （ツ）,200,0,"['2021', '01', '21', '21', '14', '20']",1611251060,0
274,17457,Milad Nouri （ツ）,30,0,"['2021', '02', '02', '09', '16', '02']",1612244762,0
275,18040,Milad Nouri （ツ）,29,0,"['2021', '02', '08', '19', '08', '24']",1612798704,0
276,18391,Milad Nouri （ツ）,22,0,"['2021', '02', '08', '19', '08', '58']",1612798738,0
277,19551,Milad Nouri （ツ）,28,0,"['2021', '02', '09', '00', '49', '16']",1612819156,0
278,44543,Milad Nouri （ツ）,29,0,"['2021', '02', '09', '00', '49', '16']",1612819156,0
279,44638,Milad Nouri （ツ）,28,0,"['2021', '02', '09', '00', '49', '16']",1612819156,0
280,61054,Milad Nouri （ツ）,17,0,"['2021', '02', '10', '01', '11', '06']",1612906866,0
281,94481,Milad Nouri （ツ）,45,0,"['2021', '02', '12', '16', '01', '01']",1613133061,0
282,141653,Milad Nouri （ツ）,351,0,"['2021', '03', '13', '21', '40', '09']",1615659009,0
283,461877,Milad Nouri （ツ）,35855,0,"['2021', '03', '13', '21', '41', '05']",1615659065,0
293,97677,,220,0,"['2021', '03', '23', '13', '53', '12']",1616491392,0
294,97317,,222,0,"['2021', '03', '23', '13', '53', '13']",1616491393,0
295,85375,,224,0,"['2021', '03', '23', '13', '53', '13']",1616491393,0
296,67737,,110,0,"['2021', '03', '27', '17', '20', '10']",1616849410,0
299,63394,,80,0,"['2021', '03', '30', '15', '18', '08']",1617101288,0
300,63530,,81,0,"['2021', '03', '30', '15', '18', '09']",1617101289,0
301,59983,,32,0,"['2021', '03', '30', '15', '20', '00']",1617101400,0
303,53834,,34,0,"['2021', '04', '03', '15', '42', '01']",1617448321,0
304,53715,,34,0,"['2021', '04', '03', '15', '42', '02']",1617448322,0
305,52638,,33,0,"['2021', '04', '03', '15', '42', '02']",1617448322,0
306,51717,,34,0,"['2021', '04', '03', '15', '42', '02']",1617448322,0
307,51764,,33,0,"['2021', '04', '03', '15', '42', '02']",1617448322,0
308,51727,,33,0,"['2021', '04', '03', '15', '42', '02']",1617448322,0
309,51665,,35,0,"['2021', '04', '03', '15', '42', '02']",1617448322,0
310,56301,,219,0,"['2021', '04', '03', '20', '04', '56']",1617464096,0
311,52340,,16,0,"['2021', '04', '03', '20', '05', '54']",1617464154,0
312,52748,,51,0,"['2021', '04', '05', '20', '07', '13']",1617637033,0
314,51001,,74,0,"['2021', '04', '08', '22', '30', '38']",1617904838,0
318,65515,,174,0,"['2021', '04', '11', '11', '38', '05']",1618124885,0
332,48955,,91,0,"['2021', '05', '09', '23', '39', '47']",1620587387,0
337,27211,,73,0,"['2021', '05', '19', '16', '13', '03']",1621424583,0
339,28558,,131,0,"['2021', '05', '23', '14', '24', '16']",1621763656,0
341,35844,,73,0,"['2021', '05', '23', '17', '02', '10']",1621773130,0
342,31899,,78,0,"['2021', '05', '27', '18', '22', '47']",1622123567,0
343,34777,,73,0,"['2021', '06', '02', '00', '38', '20']",1622578100,0
347,25955,,128,0,"['2021', '06', '25', '18', '32', '00']",1624629720,0
349,27417,,55,0,"['2021', '06', '27', '21', '15', '44']",1624812344,0
350,22035,,258,0,"['2021', '07', '02', '11', '45', '59']",1625210159,0
351,28288,,748,0,"['2021', '07', '03', '15', '04', '35']",1625308475,0
352,23255,,191,0,"['2021', '07', '05', '22', '50', '24']",1625509224,0
353,17529,,42,0,"['2021', '07', '17', '18', '37', '46']",1626530866,0
354,20205,,64,0,"['2021', '07', '17', '18', '50', '00']",1626531600,0
355,14951,,96,0,"['2021', '07', '22', '21', '22', '06']",1626972726,0
356,32160,,705,0,"['2021', '07', '22', '21', '29', '51']",1626973191,0
357,15555,,21,0,"['2021', '07', '23', '13', '51', '52']",1627032112,0
358,18558,,245,0,"['2021', '07', '24', '19', '12', '00']",1627137720,0
359,16335,,111,0,"['2021', '07', '24', '19', '54', '34']",1627140274,0
360,53531,,1074,0,"['2021', '07', '25', '17', '56', '48']",1627219608,0
361,19924,,151,0,"['2021', '07', '25', '22', '49', '10']",1627237150,0
362,21592,,114,0,"['2021', '07', '28', '14', '02', '38']",1627464758,0
363,16555,,131,0,"['2021', '07', '31', '15', '53', '35']",1627730615,0
364,17722,,128,0,"['2021', '07', '31', '15', '53', '35']",1627730615,0
365,20407,,130,0,"['2021', '07', '31', '15', '53', '35']",1627730615,0
366,18978,,140,0,"['2021', '08', '01', '22', '40', '50']",1627841450,0
367,17410,,70,0,"['2021', '08', '10', '10', '16', '56']",1628574416,0
368,19581,,131,0,"['2021', '08', '10', '10', '43', '42']",1628576022,0
369,115233,,905,0,"['2021', '08', '15', '13', '55', '37']",1629019537,0
370,115085,,892,0,"['2021', '08', '15', '13', '55', '37']",1629019537,0
371,114952,,901,0,"['2021', '08', '15', '13', '55', '37']",1629019537,0
372,114914,,906,0,"['2021', '08', '15', '13', '55', '37']",1629019537,0
373,12080,,42,0,"['2021', '08', '16', '21', '25', '14']",1629132914,0
376,27138,,220,0,"['2021', '08', '16', '23', '24', '19']",1629140059,0
377,12970,,72,0,"['2021', '08', '17', '00', '48', '22']",1629145102,0
378,13139,,71,0,"['2021', '08', '17', '00', '48', '22']",1629145102,0
379,13941,,70,0,"['2021', '08', '17', '00', '48', '22']",1629145102,0
380,13920,,67,0,"['2021', '08', '17', '00', '48', '22']",1629145102,0
381,17319,,71,0,"['2021', '08', '17', '00', '48', '22']",1629145102,0
382,15491,,65,0,"['2021', '08', '19', '14', '48', '18']",1629368298,0
383,16153,,301,0,"['2021', '08', '21', '16', '15', '03']",1629546303,0
384,19680,,193,0,"['2021', '08', '21', '23', '05', '10']",1629570910,0
386,22723,,343,0,"['2021', '08', '27', '12', '46', '21']",1630052181,0
387,21947,,399,0,"['2021', '08', '29', '13', '19', '16']",1630226956,0
388,15483,,27,0,"['2021', '09', '02', '17', '19', '09']",1630586949,0
389,15662,,26,0,"['2021', '09', '02', '17', '19', '09']",1630586949,0
390,17449,,112,0,"['2021', '09', '08', '19', '06', '35']",1631111795,0
391,15129,,254,0,"['2021', '09', '21', '18', '57', '27']",1632234447,0
392,14976,,65,0,"['2021', '09', '21', '20', '08', '33']",1632238713,0
393,15984,,22,0,"['2021', '09', '23', '09', '55', '46']",1632378346,0
395,21056,,431,0,"['2021', '10', '04', '22', '39', '15']",1633374555,0
396,16237,,107,0,"['2021', '10', '05', '00', '23', '52']",1633380832,0
397,14659,,101,0,"['2021', '10', '05', '01', '20', '17']",1633384217,1
398,16175,,49,0,"['2021', '10', '05', '01', '22', '58']",1633384378,0
405,20507,,146,0,"['2021', '10', '09', '15', '12', '33']",1633779753,0
406,20460,,127,0,"['2021', '10', '17', '14', '31', '55']",1634468515,0
407,20702,,188,0,"['2021', '10', '26', '20', '00', '49']",1635265849,0
408,13573,,72,0,"['2021', '11', '18', '20', '11', '56']",1637253716,0
409,14956,,95,0,"['2021', '12', '22', '15', '41', '57']",1640175117,0
410,12009,,172,0,"['2022', '01', '03', '10', '51', '51']",1641194511,0
411,10079,,22,0,"['2022', '01', '03', '12', '29', '38']",1641200378,0
412,10511,,21,0,"['2022', '01', '03', '12', '29', '38']",1641200378,0
413,25958,,1023,0,"['2022', '01', '12', '01', '03', '10']",1641936790,0
414,12634,,151,0,"['2022', '01', '12', '03', '16', '46']",1641944806,0
415,9513,,358,0,"['2022', '01', '24', '16', '24', '43']",1643028883,0
416,10866,,361,0,"['2022', '01', '24', '16', '24', '43']",1643028883,0
417,8497,,34,0,"['2022', '01', '24', '18', '52', '31']",1643037751,0
418,8552,,33,0,"['2022', '01', '24', '18', '52', '31']",1643037751,0
421,7502,,42,0,"['2022', '01', '31', '22', '51', '25']",1643656885,0
422,7527,,43,0,"['2022', '01', '31', '22', '51', '25']",1643656885,0
423,9763,,44,0,"['2022', '01', '31', '22', '59', '20']",1643657360,0
424,25323,,274,0,"['2022', '02', '13', '12', '45', '48']",1644743748,0
425,8191,,146,0,"['2022', '02', '22', '14', '20', '43']",1645527043,0
426,7382,,43,0,"['2022', '02', '22', '22', '49', '11']",1645557551,0
427,7413,,44,0,"['2022', '02', '22', '22', '49', '11']",1645557551,0
428,8114,,24,0,"['2022', '02', '22', '23', '02', '36']",1645558356,0
429,8161,,24,0,"['2022', '02', '22', '23', '02', '36']",1645558356,0
430,8112,,24,0,"['2022', '02', '22', '23', '02', '37']",1645558357,0
432,5328,,21,0,"['2022', '02', '28', '15', '48', '22']",1646050702,0
433,5230,,4,0,"['2022', '02', '28', '15', '49', '06']",1646050746,0
434,6707,,57,0,"['2022', '02', '28', '17', '15', '05']",1646055905,0
436,5433,,22,0,"['2022', '02', '28', '17', '23', '32']",1646056412,0
437,20283,,326,0,"['2022', '03', '01', '16', '00', '30']",1646137830,0
438,12104,,87,0,"['2022', '03', '02', '01', '38', '11']",1646172491,0
439,12156,,88,0,"['2022', '03', '02', '01', '38', '11']",1646172491,0
440,10105,,33,0,"['2022', '03', '02', '18', '40', '28']",1646233828,0
441,6579,,107,0,"['2022', '03', '02', '19', '02', '17']",1646235137,0
442,14082,,321,0,"['2022', '03', '04', '11', '28', '45']",1646380725,0
443,5628,,25,0,"['2022', '03', '04', '14', '39', '13']",1646392153,0
444,5816,,5,0,"['2022', '03', '04', '14', '40', '46']",1646392246,0
445,5990,,47,0,"['2022', '03', '06', '13', '26', '23']",1646560583,0
446,5252,,37,0,"['2022', '03', '06', '23', '35', '38']",1646597138,0
447,6072,,36,0,"['2022', '03', '06', '23', '35', '38']",1646597138,0
448,6077,,36,0,"['2022', '03', '06', '23', '35', '38']",1646597138,0
449,5915,,30,0,"['2022', '03', '08', '19', '07', '53']",1646753873,0
450,5945,,31,0,"['2022', '03', '08', '19', '07', '53']",1646753873,0
451,5969,,18,0,"['2022', '03', '08', '19', '26', '26']",1646754986,0
452,6602,,18,0,"['2022', '03', '08', '19', '27', '11']",1646755031,0
456,7030,,94,0,"['2022', '03', '12', '01', '07', '15']",1647034635,0
457,7156,,24,0,"['2022', '03', '12', '01', '07', '44']",1647034664,0
458,8582,,32,0,"['2022', '03', '12', '04', '41', '47']",1647047507,0
459,8420,,90,0,"['2022', '03', '28', '09', '29', '49']",1648443589,0
460,9432,,115,0,"['2022', '03', '28', '13', '03', '11']",1648456391,0
461,22936,,132,0,"['2022', '03', '28', '13', '47', '02']",1648459022,0
462,23260,,132,0,"['2022', '03', '28', '13', '47', '03']",1648459023,0
463,5505,,24,0,"['2022', '04', '06', '21', '30', '57']",1649264457,0
464,5345,,30,0,"['2022', '04', '07', '14', '15', '13']",1649324713,0
465,26747,,353,0,"['2022', '04', '08', '00', '19', '43']",1649360983,0
466,7168,,80,0,"['2022', '04', '08', '12', '51', '02']",1649406062,0
467,7187,,80,0,"['2022', '04', '08', '12', '51', '02']",1649406062,0
468,6039,,22,0,"['2022', '04', '08', '12', '59', '14']",1649406554,0
469,4372,,58,0,"['2022', '04', '08', '13', '18', '00']",1649407680,0
470,3805,,13,0,"['2022', '04', '08', '13', '36', '14']",1649408774,0
471,3840,,13,0,"['2022', '04', '08', '13', '36', '15']",1649408775,0
472,3983,,7,0,"['2022', '04', '08', '13', '47', '42']",1649409462,0
473,3996,,7,0,"['2022', '04', '08', '13', '47', '42']",1649409462,0
474,4110,,17,0,"['2022', '04', '08', '15', '33', '16']",1649415796,0
475,4283,,12,0,"['2022', '04', '08', '15', '36', '15']",1649415975,0
476,4646,,18,0,"['2022', '04', '08', '20', '30', '07']",1649433607,0
477,7638,,155,0,"['2022', '04', '09', '16', '09', '31']",1649504371,0
478,7468,,235,0,"['2022', '04', '10', '17', '22', '37']",1649595157,0
479,7581,,235,0,"['2022', '04', '10', '17', '22', '37']",1649595157,0
480,4987,,64,0,"['2022', '04', '11', '11', '11', '51']",1649659311,0
481,4246,,11,0,"['2022', '04', '11', '11', '26', '25']",1649660185,0
482,4606,,9,0,"['2022', '04', '11', '11', '45', '31']",1649661331,0
483,4740,,58,0,"['2022', '04', '13', '01', '05', '32']",1649795732,0
484,4839,,60,0,"['2022', '04', '13', '01', '10', '18']",1649796018,0
485,6458,,47,0,"['2022', '04', '13', '22', '50', '47']",1649874047,0
486,4003,,28,0,"['2022', '04', '13', '23', '02', '03']",1649874723,0
487,4404,,24,0,"['2022', '04', '13', '23', '03', '03']",1649874783,0
488,4368,,10,0,"['2022', '04', '13', '23', '06', '38']",1649874998,0
489,4493,,16,0,"['2022', '04', '14', '14', '07', '27']",1649929047,0
490,5053,,24,0,"['2022', '04', '15', '11', '52', '26']",1650007346,0
491,5996,,32,0,"['2022', '04', '15', '22', '39', '22']",1650046162,0
492,7564,,177,0,"['2022', '04', '16', '20', '16', '10']",1650123970,0
493,8555,,170,0,"['2022', '04', '16', '20', '16', '10']",1650123970,0
494,8590,,175,0,"['2022', '04', '16', '20', '16', '10']",1650123970,0
495,7075,,62,0,"['2022', '04', '16', '22', '28', '21']",1650131901,0
496,8035,,60,0,"['2022', '04', '16', '22', '28', '21']",1650131901,0
497,8137,,61,0,"['2022', '04', '16', '22', '28', '21']",1650131901,0
498,4264,,13,0,"['2022', '04', '20', '16', '51', '11']",1650457271,0
500,3926,,31,0,"['2022', '04', '20', '19', '20', '01']",1650466201,0
501,3467,,32,0,"['2022', '04', '20', '19', '23', '10']",1650466390,0
502,3506,,32,0,"['2022', '04', '20', '19', '23', '10']",1650466390,0
503,3504,,32,0,"['2022', '04', '20', '19', '23', '10']",1650466390,0
504,3583,,35,0,"['2022', '04', '20', '19', '23', '11']",1650466391,0
505,3586,,35,0,"['2022', '04', '20', '19', '23', '11']",1650466391,0
506,3586,,35,0,"['2022', '04', '20', '19', '23', '11']",1650466391,0
507,3792,,35,0,"['2022', '04', '20', '19', '23', '11']",1650466391,0
508,3793,,35,0,"['2022', '04', '20', '19', '23', '11']",1650466391,0
509,3804,,36,0,"['2022', '04', '20', '19', '23', '11']",1650466391,0
510,4227,,29,0,"['2022', '04', '20', '19', '24', '03']",1650466443,0
511,4589,,13,0,"['2022', '04', '20', '19', '28', '37']",1650466717,0
512,47379,,266,0,"['2022', '04', '22', '12', '23', '55']",1650614035,0
513,47425,,266,0,"['2022', '04', '22', '12', '23', '55']",1650614035,0
514,4664,,23,0,"['2022', '04', '22', '14', '34', '38']",1650621878,0
515,3815,,21,0,"['2022', '04', '23', '18', '23', '39']",1650722019,0
520,3750,,40,0,"['2022', '04', '23', '18', '27', '42']",1650722262,0
521,4548,,67,0,"['2022', '04', '23', '18', '51', '05']",1650723665,0
522,5007,,47,0,"['2022', '04', '24', '13', '07', '22']",1650789442,0
523,5223,,47,0,"['2022', '04', '24', '13', '07', '22']",1650789442,0
524,5575,,47,0,"['2022', '04', '24', '13', '07', '22']",1650789442,0
525,4117,,20,0,"['2022', '04', '24', '13', '20', '40']",1650790240,0
526,4562,,26,0,"['2022', '04', '24', '13', '41', '37']",1650791497,0
527,4406,,28,0,"['2022', '04', '25', '00', '55', '45']",1650831945,0
528,3945,,18,0,"['2022', '04', '25', '17', '50', '00']",1650892800,0
529,3991,,17,0,"['2022', '04', '25', '17', '50', '00']",1650892800,0
530,3994,,17,0,"['2022', '04', '25', '17', '50', '00']",1650892800,0
531,4147,,17,0,"['2022', '04', '25', '17', '50', '00']",1650892800,0
532,4761,,16,0,"['2022', '04', '25', '17', '50', '00']",1650892800,0
533,4778,,16,0,"['2022', '04', '25', '17', '50', '00']",1650892800,0
534,5131,,11,0,"['2022', '04', '26', '10', '27', '32']",1650952652,0
535,7132,,57,0,"['2022', '04', '26', '12', '18', '38']",1650959318,0
536,7558,,33,0,"['2022', '04', '27', '15', '58', '10']",1651058890,0
537,5841,,63,0,"['2022', '05', '01', '19', '52', '01']",1651418521,0
538,6836,,62,0,"['2022', '05', '01', '19', '52', '01']",1651418521,0
539,4956,,18,0,"['2022', '05', '04', '11', '10', '52']",1651646452,0
540,4991,,19,0,"['2022', '05', '04', '11', '10', '52']",1651646452,0
541,5150,,75,0,"['2022', '05', '06', '11', '12', '42']",1651819362,0
542,5725,,57,0,"['2022', '05', '06', '11', '24', '13']",1651820053,0
543,5759,,59,0,"['2022', '05', '06', '11', '24', '13']",1651820053,0
547,4207,,25,0,"['2022', '05', '06', '18', '36', '20']",1651845980,0
548,4290,,24,0,"['2022', '05', '06', '18', '36', '20']",1651845980,0
549,4243,,24,0,"['2022', '05', '06', '18', '36', '20']",1651845980,0
550,4250,,25,0,"['2022', '05', '06', '18', '36', '20']",1651845980,0
551,4631,,14,0,"['2022', '05', '06', '18', '51', '13']",1651846873,0
552,6260,,13,0,"['2022', '05', '06', '19', '04', '32']",1651847672,0
553,8283,,76,0,"['2022', '05', '07', '11', '03', '07']",1651905187,0
554,7227,,35,0,"['2022', '05', '10', '14', '12', '01']",1652175721,0
555,6823,,13,0,"['2022', '05', '11', '21', '19', '04']",1652287744,0
556,7454,,52,0,"['2022', '05', '14', '14', '38', '44']",1652522924,0
557,6009,,73,0,"['2022', '05', '17', '22', '27', '18']",1652810238,0
558,6053,,108,0,"['2022', '05', '18', '23', '55', '38']",1652901938,0
559,6628,,151,0,"['2022', '05', '20', '14', '45', '17']",1653041717,0
560,4635,,16,0,"['2022', '05', '20', '17', '27', '03']",1653051423,0
561,4759,,15,0,"['2022', '05', '20', '17', '27', '03']",1653051423,0
562,4725,,15,0,"['2022', '05', '20', '17', '27', '03']",1653051423,0
563,4724,,15,0,"['2022', '05', '20', '17', '27', '03']",1653051423,0
564,6380,,15,0,"['2022', '05', '20', '17', '27', '03']",1653051423,0
565,6216,,69,0,"['2022', '05', '22', '11', '29', '13']",1653202753,0
566,6331,,22,0,"['2022', '05', '24', '09', '29', '29']",1653368369,0
567,7132,,86,0,"['2022', '05', '24', '11', '04', '41']",1653374081,0
568,7809,,86,0,"['2022', '05', '24', '11', '04', '41']",1653374081,0
569,7809,,87,0,"['2022', '05', '24', '11', '04', '41']",1653374081,0
570,7842,,87,0,"['2022', '05', '24', '11', '04', '41']",1653374081,0
572,6295,,29,0,"['2022', '06', '01', '14', '04', '00']",1654076040,0
573,6334,,28,0,"['2022', '06', '01', '14', '04', '00']",1654076040,0
574,6321,,29,0,"['2022', '06', '01', '14', '04', '00']",1654076040,0
575,6508,,25,0,"['2022', '06', '03', '17', '16', '57']",1654260417,0
576,6805,,23,0,"['2022', '06', '03', '17', '18', '44']",1654260524,0
577,6876,,23,0,"['2022', '06', '03', '17', '18', '44']",1654260524,0
578,5292,,82,0,"['2022', '06', '08', '23', '56', '24']",1654716384,0
579,4666,,25,0,"['2022', '06', '09', '00', '06', '31']",1654716991,0
580,6960,,52,0,"['2022', '06', '09', '22', '46', '20']",1654798580,0
581,4337,,55,0,"['2022', '06', '09', '23', '24', '50']",1654800890,0
582,4410,,54,0,"['2022', '06', '09', '23', '24', '50']",1654800890,0
583,4460,,55,0,"['2022', '06', '09', '23', '24', '50']",1654800890,0
584,5502,,56,0,"['2022', '06', '09', '23', '24', '50']",1654800890,0
585,5951,,19,0,"['2022', '06', '10', '00', '23', '37']",1654804417,0
586,5987,,19,0,"['2022', '06', '10', '00', '23', '37']",1654804417,0
587,5446,,14,0,"['2022', '06', '11', '00', '04', '28']",1654889668,0
591,6821,,84,0,"['2022', '06', '13', '00', '16', '49']",1655063209,0
592,7432,,84,0,"['2022', '06', '13', '00', '16', '49']",1655063209,0
593,7453,,84,0,"['2022', '06', '13', '00', '16', '49']",1655063209,0
594,6426,,57,0,"['2022', '06', '13', '17', '48', '08']",1655126288,0
595,6064,,21,0,"['2022', '06', '13', '17', '51', '20']",1655126480,0
596,6716,,10,0,"['2022', '06', '13', '20', '36', '44']",1655136404,0
597,7770,,10,0,"['2022', '06', '13', '20', '36', '44']",1655136404,0
598,11910,,198,0,"['2022', '06', '17', '11', '04', '49']",1655447689,0
601,8017,,61,0,"['2022', '06', '19', '12', '12', '11']",1655624531,0
602,9159,,63,0,"['2022', '06', '21', '12', '17', '47']",1655797667,0
603,7490,,84,0,"['2022', '06', '21', '13', '23', '13']",1655801593,0
604,8027,,81,0,"['2022', '06', '21', '16', '16', '03']",1655811963,0
605,6629,,86,0,"['2022', '06', '29', '00', '18', '45']",1656445725,0
606,6275,,23,0,"['2022', '06', '29', '00', '19', '41']",1656445781,0
607,7667,,93,0,"['2022', '06', '30', '11', '07', '14']",1656571034,0
608,7785,,172,0,"['2022', '06', '30', '11', '20', '22']",1656571822,0
609,7824,,173,0,"['2022', '06', '30', '11', '20', '22']",1656571822,0
610,7313,,33,0,"['2022', '06', '30', '11', '38', '46']",1656572926,0
611,6992,,3,0,"['2022', '06', '30', '12', '01', '24']",1656574284,0
612,6817,,49,0,"['2022', '06', '30', '22', '53', '56']",1656613436,0
613,5584,,43,0,"['2022', '07', '03', '23', '45', '55']",1656875755,0
614,5660,,19,0,"['2022', '07', '03', '23', '48', '37']",1656875917,0
615,5689,,19,0,"['2022', '07', '03', '23', '48', '38']",1656875918,0
616,6361,,41,0,"['2022', '07', '04', '13', '38', '19']",1656925699,0
617,7022,,14,0,"['2022', '07', '04', '13', '47', '38']",1656926258,0
618,22734,,236,0,"['2022', '07', '06', '09', '21', '15']",1657083075,0
619,5048,,48,0,"['2022', '07', '10', '13', '48', '45']",1657444725,0
620,5701,,52,0,"['2022', '07', '10', '14', '28', '02']",1657447082,0
621,5746,,53,0,"['2022', '07', '10', '14', '28', '02']",1657447082,0
622,5379,,9,0,"['2022', '07', '10', '18', '06', '30']",1657460190,0
623,6091,,49,0,"['2022', '07', '10', '22', '04', '18']",1657474458,0
624,6125,,48,0,"['2022', '07', '10', '22', '04', '18']",1657474458,0
625,5498,,54,0,"['2022', '07', '11', '19', '56', '09']",1657553169,0
626,5524,,55,0,"['2022', '07', '11', '19', '56', '09']",1657553169,0
629,5172,,31,0,"['2022', '07', '11', '20', '25', '28']",1657554928,0
630,5197,,31,0,"['2022', '07', '11', '20', '25', '28']",1657554928,0
631,5342,,19,0,"['2022', '07', '11', '20', '48', '32']",1657556312,0
632,19307,,595,0,"['2022', '07', '12', '10', '11', '23']",1657604483,0
633,19380,,596,0,"['2022', '07', '12', '10', '11', '23']",1657604483,0
634,10438,,432,0,"['2022', '07', '12', '14', '34', '43']",1657620283,0
635,5981,,33,0,"['2022', '07', '12', '17', '29', '46']",1657630786,0
636,5822,,39,0,"['2022', '07', '13', '00', '08', '50']",1657654730,0
637,11709,,483,0,"['2022', '07', '13', '15', '38', '51']",1657710531,0
638,6696,,76,0,"['2022', '07', '14', '09', '26', '47']",1657774607,0
639,6241,,43,0,"['2022', '07', '14', '21', '22', '46']",1657817566,0
640,6125,,16,0,"['2022', '07', '15', '16', '01', '04']",1657884664,0
641,8098,,15,0,"['2022', '07', '15', '16', '03', '59']",1657884839,0
642,8068,,49,0,"['2022', '07', '16', '23', '53', '41']",1657999421,0
643,10196,,54,0,"['2022', '07', '20', '20', '25', '07']",1658332507,0
644,6029,,32,0,"['2022', '07', '20', '21', '12', '29']",1658335349,0
645,11389,,107,0,"['2022', '07', '20', '21', '42', '27']",1658337147,0
646,11486,,108,0,"['2022', '07', '20', '21', '42', '27']",1658337147,0
647,7566,,166,0,"['2022', '07', '22', '22', '15', '59']",1658511959,0
648,6732,,24,0,"['2022', '07', '24', '20', '11', '21']",1658677281,0
649,6778,,25,0,"['2022', '07', '24', '20', '11', '21']",1658677281,0
650,7738,,82,0,"['2022', '07', '24', '20', '36', '35']",1658678795,0
651,5130,,57,0,"['2022', '07', '29', '20', '59', '34']",1659112174,0
652,5786,,39,0,"['2022', '07', '29', '21', '00', '06']",1659112206,0
653,5734,,42,0,"['2022', '07', '29', '21', '05', '27']",1659112527,0
654,6721,,28,0,"['2022', '07', '29', '21', '07', '21']",1659112641,0
655,5759,,44,0,"['2022', '08', '01', '15', '48', '06']",1659352686,0
656,5753,,40,0,"['2022', '08', '01', '15', '48', '06']",1659352686,0
657,7033,,150,0,"['2022', '08', '02', '12', '24', '20']",1659426860,0
658,9636,,50,0,"['2022', '08', '03', '10', '33', '19']",1659506599,0
659,9745,,50,0,"['2022', '08', '03', '10', '33', '19']",1659506599,0
660,9289,,41,0,"['2022', '08', '03', '12', '02', '10']",1659511930,0
661,9770,,41,0,"['2022', '08', '03', '12', '02', '11']",1659511931,0
662,8699,,7,0,"['2022', '08', '03', '15', '51', '43']",1659525703,0
663,18094,,207,0,"['2022', '08', '09', '13', '39', '23']",1660036163,0
664,20036,,186,0,"['2022', '08', '11', '08', '20', '37']",1660189837,0
667,6678,,24,0,"['2022', '08', '15', '00', '24', '04']",1660506844,0
668,6859,,27,0,"['2022', '08', '15', '15', '27', '02']",1660561022,0
669,61092,,514,0,"['2022', '08', '17', '11', '13', '46']",1660718626,0
670,15923,,479,0,"['2022', '08', '17', '13', '36', '05']",1660727165,0
671,7780,,56,0,"['2022', '08', '17', '13', '51', '53']",1660728113,0
672,8632,,95,0,"['2022', '08', '19', '11', '51', '46']",1660893706,0
673,8646,,121,0,"['2022', '08', '19', '18', '24', '24']",1660917264,0
674,8651,,122,0,"['2022', '08', '19', '18', '24', '24']",1660917264,0
675,6345,,51,0,"['2022', '08', '21', '22', '55', '59']",1661106359,0
676,6384,,50,0,"['2022', '08', '21', '22', '55', '59']",1661106359,0
678,7994,,81,0,"['2022', '08', '23', '12', '53', '59']",1661243039,0
679,6873,,18,0,"['2022', '08', '23', '21', '04', '05']",1661272445,0
680,7271,,18,0,"['2022', '08', '23', '21', '04', '05']",1661272445,0
681,20608,,195,0,"['2022', '08', '24', '22', '48', '57']",1661365137,0
682,7727,,131,0,"['2022', '08', '29', '21', '40', '35']",1661793035,0
683,8064,,82,0,"['2022', '08', '29', '23', '13', '30']",1661798610,0
684,11679,,147,0,"['2022', '08', '31', '22', '37', '52']",1661969272,0
685,11768,,147,0,"['2022', '08', '31', '22', '37', '52']",1661969272,0
688,17655,,334,0,"['2022', '09', '02', '23', '17', '38']",1662144458,0
689,9621,,112,0,"['2022', '09', '02', '23', '18', '37']",1662144517,0
690,6941,,174,0,"['2022', '09', '06', '20', '44', '36']",1662480876,0
691,5962,,71,0,"['2022', '09', '06', '22', '07', '20']",1662485840,0
692,6078,,71,0,"['2022', '09', '06', '22', '07', '20']",1662485840,0
693,6057,,71,0,"['2022', '09', '06', '22', '07', '21']",1662485841,0
694,6102,,71,0,"['2022', '09', '06', '22', '07', '21']",1662485841,0
699,5713,,53,0,"['2022', '09', '07', '11', '39', '25']",1662534565,0
700,5737,,53,0,"['2022', '09', '07', '11', '39', '26']",1662534566,0
701,5169,,10,0,"['2022', '09', '08', '00', '01', '47']",1662579107,0
702,8427,,60,0,"['2022', '09', '08', '00', '02', '04']",1662579124,0
703,5865,,15,0,"['2022', '09', '08', '12', '02', '34']",1662622354,0
704,7589,,183,0,"['2022', '09', '08', '19', '23', '56']",1662648836,0
705,5477,,10,0,"['2022', '09', '09', '18', '02', '10']",1662730330,0
706,5811,,31,0,"['2022', '09', '09', '18', '13', '53']",1662731033,0
707,8354,,572,0,"['2022', '09', '10', '00', '15', '10']",1662752710,0
708,8602,,573,0,"['2022', '09', '10', '00', '15', '10']",1662752710,0
709,8664,,572,0,"['2022', '09', '10', '00', '15', '10']",1662752710,0
710,8669,,574,0,"['2022', '09', '10', '00', '15', '10']",1662752710,0
711,9776,,574,0,"['2022', '09', '10', '00', '15', '10']",1662752710,0
712,9781,,573,0,"['2022', '09', '10', '00', '15', '10']",1662752710,0
713,9836,,576,0,"['2022', '09', '10', '00', '15', '10']",1662752710,0
715,5934,,25,0,"['2022', '09', '10', '00', '46', '01']",1662754561,0
716,5972,,25,0,"['2022', '09', '10', '00', '46', '01']",1662754561,0
717,7069,,101,0,"['2022', '09', '10', '00', '58', '43']",1662755323,0
718,7094,,104,0,"['2022', '09', '10', '00', '58', '43']",1662755323,0
721,6834,,47,0,"['2022', '09', '11', '22', '56', '07']",1662920767,0
722,11388,,153,0,"['2022', '09', '12', '01', '15', '52']",1662929152,0
723,6654,,32,0,"['2022', '09', '12', '11', '04', '37']",1662964477,0
724,7236,,24,0,"['2022', '09', '12', '13', '36', '32']",1662973592,0
725,9076,,20,0,"['2022', '09', '13', '00', '46', '28']",1663013788,0
726,9614,,11,0,"['2022', '09', '13', '00', '47', '28']",1663013848,0
727,12308,,43,0,"['2022', '09', '13', '17', '57', '55']",1663075675,0
728,10027,,17,0,"['2022', '09', '17', '15', '18', '41']",1663411721,0
729,16036,,107,0,"['2022', '09', '18', '12', '07', '27']",1663486647,0
730,11817,,237,0,"['2022', '09', '21', '02', '13', '17']",1663710197,0
731,13172,,109,0,"['2022', '09', '21', '19', '18', '23']",1663771703,0
732,11423,,42,0,"['2022', '09', '21', '21', '21', '37']",1663779097,0
733,11481,,40,0,"['2022', '09', '21', '21', '21', '37']",1663779097,0
734,14818,,78,0,"['2022', '09', '21', '21', '46', '27']",1663780587,0
735,16051,,305,0,"['2022', '09', '22', '10', '59', '19']",1663831759,0
736,14788,,101,0,"['2022', '09', '22', '15', '40', '45']",1663848645,0
737,15173,,60,0,"['2022', '09', '23', '01', '28', '31']",1663883911,0
738,15009,,46,0,"['2022', '09', '23', '11', '10', '07']",1663918807,0
739,141096,,452,0,"['2022', '09', '24', '11', '59', '36']",1664008176,0
740,19217,,171,0,"['2022', '09', '25', '11', '53', '58']",1664094238,0
741,45559,,223,0,"['2022', '09', '25', '12', '07', '44']",1664095064,0
742,28626,,99,0,"['2022', '09', '26', '16', '52', '30']",1664198550,0
744,35698,,320,0,"['2022', '09', '27', '11', '04', '31']",1664264071,0
745,39337,,201,0,"['2022', '09', '27', '12', '23', '36']",1664268816,0
746,45878,,308,0,"['2022', '09', '27', '12', '28', '45']",1664269125,0
748,44149,,432,0,"['2022', '12', '13', '19', '56', '04']",1670948764,0
749,26504,,442,0,"['2023', '02', '04', '11', '03', '45']",1675496025,0
750,29612,,1186,0,"['2023', '02', '08', '16', '29', '38']",1675861178,0
754,26621,,623,0,"['2023', '02', '08', '21', '35', '13']",1675879513,0
755,27725,,619,0,"['2023', '02', '08', '21', '35', '13']",1675879513,0
756,27853,,622,0,"['2023', '02', '08', '21', '35', '13']",1675879513,0
757,9633,,71,0,"['2023', '02', '08', '21', '37', '05']",1675879625,0
758,9956,,86,0,"['2023', '02', '08', '21', '53', '01']",1675880581,0
759,11863,,84,0,"['2023', '02', '08', '21', '53', '02']",1675880582,0
760,11923,,84,0,"['2023', '02', '08', '21', '53', '02']",1675880582,0
761,11755,,74,0,"['2023', '02', '09', '10', '28', '20']",1675925900,0
763,8511,,144,0,"['2023', '02', '12', '14', '48', '05']",1676200685,0
764,9573,,143,0,"['2023', '02', '12', '14', '48', '05']",1676200685,0
765,9001,,121,0,"['2023', '02', '13', '12', '38', '10']",1676279290,0
766,9561,,323,0,"['2023', '02', '14', '13', '42', '10']",1676369530,0
767,9828,,321,0,"['2023', '02', '14', '13', '42', '10']",1676369530,0
768,9878,,322,0,"['2023', '02', '14', '13', '42', '10']",1676369530,0
769,9852,,321,0,"['2023', '02', '14', '13', '42', '10']",1676369530,0
770,9979,,321,0,"['2023', '02', '14', '13', '42', '10']",1676369530,0
771,10007,,321,0,"['2023', '02', '14', '13', '42', '10']",1676369530,0
772,11905,,321,0,"['2023', '02', '14', '13', '42', '10']",1676369530,0
773,11972,,322,0,"['2023', '02', '14', '13', '42', '10']",1676369530,0
774,11248,,106,0,"['2023', '02', '14', '13', '42', '49']",1676369569,0
775,7251,,41,0,"['2023', '02', '18', '11', '14', '52']",1676706292,0
776,9735,,193,0,"['2023', '02', '18', '11', '33', '54']",1676707434,0
777,9406,,523,0,"['2023', '02', '18', '14', '54', '17']",1676719457,0
778,9491,,524,0,"['2023', '02', '18', '14', '54', '17']",1676719457,0
779,10220,,523,0,"['2023', '02', '18', '14', '54', '17']",1676719457,0
780,10227,,522,0,"['2023', '02', '18', '14', '54', '17']",1676719457,0
781,10340,,521,0,"['2023', '02', '18', '14', '54', '17']",1676719457,0
782,10338,,521,0,"['2023', '02', '18', '14', '54', '18']",1676719458,0
783,10348,,521,0,"['2023', '02', '18', '14', '54', '18']",1676719458,0
784,11503,,523,0,"['2023', '02', '18', '14', '54', '18']",1676719458,0
785,11504,,522,0,"['2023', '02', '18', '14', '54', '18']",1676719458,0
786,11475,,521,0,"['2023', '02', '18', '14', '54', '18']",1676719458,0
787,10484,,40,0,"['2023', '02', '19', '14', '33', '35']",1676804615,0
788,11144,,35,0,"['2023', '02', '20', '00', '40', '45']",1676841045,0
789,11257,,54,0,"['2023', '02', '22', '13', '10', '43']",1677058843,0
790,10830,,50,0,"['2023', '02', '22', '13', '10', '44']",1677058844,0
791,10771,,50,0,"['2023', '02', '22', '13', '10', '44']",1677058844,0
792,10741,,50,0,"['2023', '02', '22', '13', '10', '44']",1677058844,0
793,8714,,12,0,"['2023', '02', '23', '22', '43', '41']",1677179621,0
794,12028,,169,0,"['2023', '02', '24', '13', '31', '17']",1677232877,0
795,11608,,54,0,"['2023', '02', '25', '12', '37', '50']",1677316070,0
796,13689,,151,0,"['2023', '02', '26', '20', '41', '19']",1677431479,0
797,13769,,150,0,"['2023', '02', '26', '20', '41', '19']",1677431479,0
798,13753,,151,0,"['2023', '02', '26', '20', '41', '19']",1677431479,0
799,13773,,150,0,"['2023', '02', '26', '20', '41', '19']",1677431479,0
800,47946,,662,0,"['2023', '02', '28', '15', '25', '10']",1677585310,0
801,14479,,64,0,"['2023', '03', '02', '14', '30', '21']",1677754821,0
802,14756,,63,0,"['2023', '03', '02', '14', '30', '21']",1677754821,0
803,12693,,48,0,"['2023', '03', '09', '14', '23', '17']",1678359197,0
804,9665,,160,0,"['2023', '03', '19', '23', '08', '32']",1679254712,0
805,7719,,32,0,"['2023', '03', '21', '16', '08', '56']",1679402336,0
806,7720,,6,0,"['2023', '03', '21', '16', '13', '13']",1679402593,0
807,9124,,379,0,"['2023', '03', '22', '00', '50', '00']",1679433600,0
808,7472,,288,0,"['2023', '03', '22', '01', '06', '05']",1679434565,0
809,7503,,288,0,"['2023', '03', '22', '01', '06', '05']",1679434565,0
810,7289,,287,0,"['2023', '03', '22', '01', '06', '05']",1679434565,0
811,7260,,288,0,"['2023', '03', '22', '01', '06', '05']",1679434565,0
812,6771,,78,0,"['2023', '03', '22', '01', '12', '00']",1679434920,0
814,6866,,152,0,"['2023', '03', '22', '01', '30', '46']",1679436046,0
815,6872,,150,0,"['2023', '03', '22', '01', '30', '46']",1679436046,0
816,6832,,150,0,"['2023', '03', '22', '01', '30', '46']",1679436046,0
817,6815,,150,0,"['2023', '03', '22', '01', '30', '46']",1679436046,0
818,6863,,126,0,"['2023', '03', '22', '01', '37', '28']",1679436448,0
819,6858,,125,0,"['2023', '03', '22', '01', '37', '29']",1679436449,0
820,6816,,125,0,"['2023', '03', '22', '01', '37', '29']",1679436449,0
821,6814,,125,0,"['2023', '03', '22', '01', '37', '29']",1679436449,0
822,7408,,138,0,"['2023', '03', '22', '01', '46', '44']",1679437004,0
823,7395,,135,0,"['2023', '03', '22', '01', '46', '44']",1679437004,0
824,7377,,135,0,"['2023', '03', '22', '01', '46', '44']",1679437004,0
825,7423,,137,0,"['2023', '03', '22', '01', '46', '45']",1679437005,0
826,6733,,100,0,"['2023', '03', '22', '14', '06', '39']",1679481399,0
827,6905,,100,0,"['2023', '03', '22', '14', '06', '39']",1679481399,0
828,8917,,308,0,"['2023', '03', '22', '14', '13', '31']",1679481811,0
829,9096,,308,0,"['2023', '03', '22', '14', '13', '31']",1679481811,0
830,10677,,308,0,"['2023', '03', '22', '14', '13', '32']",1679481812,0
831,7225,,55,0,"['2023', '03', '22', '21', '33', '48']",1679508228,0
832,7783,,55,0,"['2023', '03', '22', '21', '33', '48']",1679508228,0
833,10685,,55,0,"['2023', '03', '22', '21', '33', '48']",1679508228,0
834,13068,,136,0,"['2023', '03', '22', '22', '27', '46']",1679511466,0
835,8257,,186,0,"['2023', '03', '28', '13', '05', '31']",1679996131,0
836,8308,,187,0,"['2023', '03', '28', '13', '05', '31']",1679996131,0
837,7500,,39,0,"['2023', '03', '28', '20', '52', '03']",1680024123,0
838,7592,,40,0,"['2023', '03', '28', '20', '52', '03']",1680024123,0
839,7294,,73,0,"['2023', '03', '28', '20', '59', '27']",1680024567,0
840,7333,,75,0,"['2023', '03', '28', '20', '59', '27']",1680024567,0
841,7408,,12,0,"['2023', '03', '28', '22', '05', '08']",1680028508,0
842,7450,,12,0,"['2023', '03', '28', '22', '05', '09']",1680028509,0
843,8283,,57,0,"['2023', '03', '28', '22', '08', '20']",1680028700,0
844,15305,,335,0,"['2023', '03', '30', '01', '26', '41']",1680127001,0
845,17220,,332,0,"['2023', '03', '30', '01', '26', '42']",1680127002,0
846,9925,,89,0,"['2023', '03', '30', '17', '35', '54']",1680185154,0
847,11403,,200,0,"['2023', '03', '31', '23', '10', '55']",1680291655,0
848,10212,,68,0,"['2023', '03', '31', '23', '19', '43']",1680292183,0
849,10278,,68,0,"['2023', '03', '31', '23', '19', '43']",1680292183,0
850,10168,,86,0,"['2023', '04', '02', '23', '06', '10']",1680464170,0
851,14426,,301,0,"['2023', '04', '03', '20', '47', '07']",1680542227,0
852,16599,,288,0,"['2023', '04', '03', '20', '47', '08']",1680542228,0
853,11544,,49,0,"['2023', '04', '05', '12', '23', '18']",1680684798,0
854,12305,,260,0,"['2023', '04', '08', '00', '05', '57']",1680899757,0
855,13345,,259,0,"['2023', '04', '08', '00', '05', '58']",1680899758,0
856,13397,,261,0,"['2023', '04', '08', '00', '05', '58']",1680899758,0
857,14059,,303,0,"['2023', '04', '08', '01', '28', '30']",1680904710,0
858,10673,,24,0,"['2023', '04', '09', '11', '23', '50']",1681026830,0
859,10788,,24,0,"['2023', '04', '09', '11', '23', '50']",1681026830,0
860,17356,,898,0,"['2023', '04', '12', '02', '15', '42']",1681253142,0
861,10754,,259,0,"['2023', '04', '12', '03', '07', '01']",1681256221,0
862,9279,,122,0,"['2023', '04', '12', '23', '27', '47']",1681329467,0
863,9836,,121,0,"['2023', '04', '12', '23', '27', '47']",1681329467,0
864,9873,,122,0,"['2023', '04', '12', '23', '27', '47']",1681329467,0
865,11633,,315,0,"['2023', '04', '13', '15', '10', '07']",1681386007,0
866,15758,,74,0,"['2023', '04', '13', '22', '29', '45']",1681412385,0
867,15524,,97,0,"['2023', '04', '18', '09', '46', '23']",1681798583,0
868,13284,,133,0,"['2023', '04', '21', '15', '05', '34']",1682076934,0
869,7880,,20,0,"['2023', '04', '28', '14', '33', '19']",1682679799,0
870,6668,,367,0,"['2023', '04', '29', '20', '50', '04']",1682788804,0
871,6691,,366,0,"['2023', '04', '29', '20', '50', '04']",1682788804,0
872,5840,,71,0,"['2023', '04', '30', '14', '55', '53']",1682853953,0
873,81677,,717,0,"['2023', '05', '01', '22', '30', '22']",1682967622,0
